题目,Flag,一血获得者,组别,提交时间
一眼盯帧,/,Lost-MSth #呜呜呜我好菜,北京大学,2023-10-13 18:01:37
小北问答!!!!!,/,Testla # MC 玩一会就晕,校外选手,2023-10-13 22:44:40
小北问答!!!!!,半份 Flag,长期素食,北京大学,2023-10-13 18:19:26
小北问答!!!!!,整份 Flag,Testla # MC 玩一会就晕,校外选手,2023-10-13 22:44:40
Z 公司的服务器,/,MonKey #GG,北京大学,2023-10-13 19:24:53
Z 公司的服务器,服务器,gzz #放弃治疗,北京大学,2023-10-13 18:44:08
Z 公司的服务器,流量包,MonKey #GG,北京大学,2023-10-13 19:24:53
猫咪状态监视器,/,imlonghao,校外选手,2023-10-14 18:17:00
基本功,/,genshin高手 #also农粥高手,校外选手,2023-10-14 12:18:07
基本功,简单的 Flag,Ishisashi #赛后和阿冯CT进行,校外选手,2023-10-14 12:13:55
基本功,冷酷的 Flag,genshin高手 #also农粥高手,校外选手,2023-10-14 12:18:07
Dark Room,/,Fluffyω🎵@我要鸟加生煎0,北京大学,2023-10-15 11:51:57
Dark Room,Flag 1,Fluffyω🎵@我要鸟加生煎0,北京大学,2023-10-14 20:01:55
Dark Room,Flag 2,Fluffyω🎵@我要鸟加生煎0,北京大学,2023-10-15 11:51:57
麦恩·库拉夫特,/,shenghuo2 #真不会misc,校外选手,2023-10-13 22:34:23
麦恩·库拉夫特,探索的时光,g4bmyg #明年再来,北京大学,2023-10-13 18:23:34
麦恩·库拉夫特,结束了？,Eric #🤯,校外选手,2023-10-13 19:14:12
麦恩·库拉夫特,为什么会变成这样呢？,shenghuo2 #真不会misc,校外选手,2023-10-13 22:34:23
Emoji Wordle,/,imlonghao,校外选手,2023-10-14 14:38:57
Emoji Wordle,Level 1,Johnson,校外选手,2023-10-14 13:18:28
Emoji Wordle,Level 2,ff98sha #SJMC,校外选手,2023-10-14 13:33:14
Emoji Wordle,Level 3,imlonghao,校外选手,2023-10-14 14:38:57
第三新XSS,/,gzz #放弃治疗,北京大学,2023-10-13 20:26:44
第三新XSS,巡猎,orangejuice,北京大学,2023-10-13 19:11:05
第三新XSS,记忆,gzz #放弃治疗,北京大学,2023-10-13 20:26:44
简单的打字稿,/,LTC,校外选手,2023-10-13 19:19:12
简单的打字稿,Super Easy,LTC,校外选手,2023-10-13 18:38:21
简单的打字稿,Very Easy,LTC,校外选手,2023-10-13 19:19:12
逝界计划,/,imlonghao,校外选手,2023-10-14 12:59:25
非法所得,/,gzz #放弃治疗,北京大学,2023-10-14 19:50:00
非法所得,Flag 1,gzz #放弃治疗,北京大学,2023-10-14 19:50:00
非法所得,Flag 2,gzz #放弃治疗,北京大学,2023-10-14 19:04:50
非法所得,Flag 3,gzz #放弃治疗,北京大学,2023-10-14 19:17:53
汉化绿色版免费下载,/,雫るる今天吃一德格拉米 #关注るる谢谢喵,北京大学,2023-10-13 21:12:37
汉化绿色版免费下载,普通下载,LittleSho,校外选手,2023-10-13 18:10:55
汉化绿色版免费下载,高速下载,雫るる今天吃一德格拉米 #关注るる谢谢喵,北京大学,2023-10-13 21:12:37
初学 C 语言,/,ret2Static,校外选手,2023-10-14 13:20:23
初学 C 语言,Flag 1,ℒ𝓎𝔰itheα #明年最后一次来了,北京大学,2023-10-14 12:27:41
初学 C 语言,Flag 2,ret2Static,校外选手,2023-10-14 13:20:08
Baby Stack,/,ret2Static,校外选手,2023-10-14 19:12:37
Baby Stack,Flag 1,ret2Static,校外选手,2023-10-14 18:54:44
Baby Stack,Flag 2,ret2Static,校外选手,2023-10-14 19:12:37
绝妙的多项式,/,1111,北京大学,2023-10-14 17:59:25
绝妙的多项式,Baby,JANlittle,校外选手,2023-10-14 17:38:24
绝妙的多项式,Easy,1111,北京大学,2023-10-14 17:59:14
绝妙的多项式,Hard,1111,北京大学,2023-10-14 17:58:58
禁止执行，启动,/,hzqmwne #从来不屯flag,校外选手,2023-10-14 02:04:24
禁止执行，启动,Flag 1,DawnAA #长期素食为什么不吃小🥒,北京大学,2023-10-13 19:04:59
禁止执行，启动,Flag 2,DawnAA #长期素食为什么不吃小🥒,北京大学,2023-10-13 19:56:38
禁止执行，启动,Flag 3,hzqmwne #从来不屯flag,校外选手,2023-10-14 02:04:24
关键词过滤喵，谢谢喵,/,GWDx,校外选手,2023-10-13 23:27:14
关键词过滤喵，谢谢喵,字数统计喵,GWDx,校外选手,2023-10-13 18:54:14
关键词过滤喵，谢谢喵,排序喵,gzz #放弃治疗,北京大学,2023-10-13 22:03:51
关键词过滤喵，谢谢喵,Brainfuck 喵,GWDx,校外选手,2023-10-13 23:27:14
未来磁盘,/,elf #不会做misc的,校外选手,2023-10-15 16:27:15
未来磁盘,Flag 1,elf #不会做misc的,校外选手,2023-10-14 20:53:02
未来磁盘,Flag 2,elf #不会做misc的,校外选手,2023-10-15 16:27:15
扫雷III,/,zhn # 真的没藏flag,北京大学,2023-10-14 08:37:58
小章鱼的曲奇,/,Frenet,北京大学,2023-10-14 15:15:42
小章鱼的曲奇,Smol Cookie,Lost-MSth #呜呜呜我好菜,北京大学,2023-10-14 14:16:52
小章鱼的曲奇,Big Cookie,Frenet,北京大学,2023-10-14 14:56:25
小章鱼的曲奇,SUPA BIG Cookie,Frenet,北京大学,2023-10-14 15:15:42
华维码,/,Ishisashi #赛后和阿冯CT进行,校外选手,2023-10-15 05:50:02
华维码,华维码 · 特难,1111,北京大学,2023-10-14 20:36:38
华维码,华维码 · 特小,Ishisashi #赛后和阿冯CT进行,校外选手,2023-10-15 05:50:02
