åæ¬¡,æ˜µç§°,ç»„åˆ«,æ€»åˆ†,æœ€åæäº¤æ—¶é—´
1,MonKey #GG,,5814,2023-10-18 18:12:26
2,gzz #æ”¾å¼ƒæ²»ç–—,,5423,2023-10-17 01:35:42
3,1111,,5087,2023-10-18 03:17:05
4,bubb1eGvm,,4930,2023-10-19 18:53:59
5,DawnAA #é•¿æœŸç´ é£Ÿä¸ºä»€ä¹ˆä¸åƒå°ğŸ¥’,,4782,2023-10-20 13:58:57
6,koala,,4262,2023-10-20 17:01:39
7,Soyo0Love~ #å¤©ğŸ¥’å¼±,ï¼ˆæ–°ç”Ÿï¼‰,4121,2023-10-18 13:19:44
8,vincent163 #éšä¾¿ç©ç©,,4081,2023-10-18 17:25:09
9,â„’ğ“ğ”°itheÎ± #æ˜å¹´æœ€åä¸€æ¬¡æ¥äº†,,3886,2023-10-18 19:16:24
10,é›«ã‚‹ã‚‹ä»Šå¤©åƒä¸€å¾·æ ¼æ‹‰ç±³ #å…³æ³¨ã‚‹ã‚‹è°¢è°¢å–µ,,3670,2023-10-20 14:50:22
11,Lost-MSth #å‘œå‘œå‘œæˆ‘å¥½èœ,,3613,2023-10-20 15:18:50
12,wwj #120Hz æ‰“éŸ³æ¸¸ä¸€å®šå¾ˆèˆ’æœå§,,3563,2023-10-19 15:10:19
13,test12345 #ä½ æ€ä¹ˆä¸è¯´è°¢è°¢ğŸ˜¡,,3553,2023-10-20 15:52:24
14,lyazj #æƒ³è¦å¹³æ¿ç¬”é€å¥³æœ‹å‹,,3432,2023-10-20 17:56:05
15,æœ€åçš„ede  # çº¢è²ã®æ•‘ä¸–ä¸»,,3415,2023-10-20 11:27:38
16,wasa855 #ç ´é˜²ä¸‹æ’­,ï¼ˆæ–°ç”Ÿï¼‰,3093,2023-10-19 14:14:37
17,Marvin #é€†å‘çœŸä¸ç†Ÿ,,3088,2023-10-19 17:29:08
18,outerform,,2937,2023-10-20 12:18:34
19,Wu_Ren #è¯¥å†™WPäº†,ï¼ˆæ–°ç”Ÿï¼‰,2850,2023-10-18 11:57:38
20,g4bmyg #æ˜å¹´å†æ¥,,2720,2023-10-20 16:48:20
21,æ°´å¸WaterKing,,2695,2023-10-19 02:41:13
22,thrfirs #å¥½éš¾å–µ,,2692,2023-10-20 14:36:56
23,å®®åœ’ã‹ã‚’ã‚Š!,,2688,2023-10-20 14:21:01
24,nxp # å¤ªéš¾äº†,,2668,2023-10-18 17:55:17
25,Jaho #waht-si-a-gta,,2560,2023-10-20 17:08:47
26,RayW,,2533,2023-10-20 17:32:35
27,test #å¼€æ‘†ğŸ˜­,,2526,2023-10-20 16:47:18
28,é•¿æœŸç´ é£Ÿ,,2516,2023-10-18 08:28:46
29,sjfh #not sjfh,,2494,2023-10-19 12:51:35
30,Xzonn,,2491,2023-10-20 16:29:00
31,ä¸‰ğŸ˜­ï¸ç­‰ğŸ˜­ï¸å¥–ğŸ˜­ï¸åˆ†ğŸ˜­ç•ŒğŸ˜­ï¸çº¿,,2428,2023-10-19 19:04:26
32,AirHoister #ä¸€æ»´ä¹Ÿæ²¡æœ‰äº†ğŸ˜­,,2224,2023-10-18 19:49:34
33,dywen,,2192,2023-10-19 15:19:09
34,H4kur31  # æˆ‘ä»¬æ˜å¹´å†è§,,2069,2023-10-20 16:14:33
35,hideyuki,,2049,2023-10-20 00:00:58
36,house_fz #å››å¹´æ²¡è¿›å‰30,,1959,2023-10-20 14:57:30
37,peccc,,1880,2023-10-19 16:06:03
38,Bright,,1872,2023-10-19 03:06:36
39,ç‹æ‘ACAC #èººğŸ›ŒğŸ»ğŸ’¤ğŸ™€,,1822,2023-10-18 09:14:07
40,Frenet,,1821,2023-10-18 17:21:31
41,Horbin #å–µ,,1685,2023-10-18 16:20:17
42,kfc2333 #283281645,,1661,2023-10-18 16:21:25
43,G4rl1c,,1582,2023-10-18 18:29:11
44,zyy,ï¼ˆæ–°ç”Ÿï¼‰,1526,2023-10-20 16:07:19
45,forest,,1514,2023-10-18 21:36:18
46,Testify # Silentï½œEnd,,1513,2023-10-20 17:51:34
47,ä»Šå¤©ç»™å¤§å®¶å¸¦æ¥ä¸€å±€æ¯äººä¸€å°å—åœ°,,1503,2023-10-20 15:51:01
48,"gg #""ctfä¼šå¸¦æ¥ä¸å¹¸""",,1459,2023-10-20 14:56:52
49,shisanli #æ¥¼ä¸‹åˆ«å·äº†ğŸ˜­,,1435,2023-10-20 08:20:12
50,ğŸ‘€ #BÎµğŸš©bi,ï¼ˆæ–°ç”Ÿï¼‰,1399,2023-10-20 17:32:22
51,sinoko #å·²è®©ç­‰å¾…æˆä¸ºé—æ†¾,,1384,2023-10-20 11:20:16
52,æˆ‘å¥½èœå•Š #ç´¯äº†å–µ,,1329,2023-10-20 17:09:02
53,Eternity #æ²¡å¥–å“å–µï¼Œå“­å“­å–µ,,1244,2023-10-20 16:31:07
54,çº³è¥¿å¦² #ä¸æ˜¯æˆ‘æ€ä¹ˆä¸‹å‘¨æœ‰3ä¸ªpreå•Š,,1198,2023-10-14 22:12:39
55,ä½•æ—¥å›å†æ¥ #æ˜å¹´å†æ¥å–µ,,1004,2023-10-19 21:28:21
56,wgsxm,,946,2023-10-18 22:53:37
57,Accepted,,940,2023-10-19 14:23:54
58,FluffyÏ‰ğŸµ@æˆ‘è¦é¸ŸåŠ ç”Ÿç…0,,877,2023-10-18 22:05:08
59,infedg!,,791,2023-10-17 18:10:33
60,ç›¸å¯¹å¤±è´¥ä¸»ä¹‰,,777,2023-10-18 10:16:30
61,alxdsptr,ï¼ˆæ–°ç”Ÿï¼‰,701,2023-10-20 13:56:00
62,æ±ªæ±ªå±å±å½6{!_g?>:\tâ‚±ss,,689,2023-10-16 01:36:37
63,Xtzzzz # èˆèŒï¼Œå¯åŠ¨ï¼,,672,2023-10-16 04:54:41
64,ZelKnow,,630,2023-10-14 20:14:28
65,zhn # çœŸçš„æ²¡è—flag,,620,2023-10-16 17:20:43
66,å¤§å®¶éƒ½å¥½å¼ºå•Š,,595,2023-10-16 15:57:48
67,å¤ªå¥½å¬äº†å§ç®€ç›´å°±æ˜¯å¤©ç±,,587,2023-10-19 00:35:06
68,moesakura$#{}*!@#$$%,,551,2023-10-17 15:00:48
69,èé›ªæ—¶åˆ† #çº¯çˆ±æˆ˜å£«,,516,2023-10-15 16:24:07
70,Mizuki #å¤§å››è€ç‹—,,510,2023-10-16 13:28:55
71,ostinati ,,508,2023-10-19 21:37:13
72,ç›å¡å·´å¡,ï¼ˆæ–°ç”Ÿï¼‰,490,2023-10-19 08:33:23
73,äºŒæ¬¡å…ƒç–‘ä¼¼æœ‰ç‚¹å¤ªå¤šäº†,,485,2023-10-15 23:45:10
74,0_o,,423,2023-10-16 05:51:03
75,Fourieding,,422,2023-10-17 00:53:52
76,kumbaya/,,409,2023-10-15 13:29:40
77,Oblivionis,,403,2023-10-18 12:28:48
78,anita,,395,2023-10-19 11:58:19
79,QYQC,,386,2023-10-17 21:42:06
80,ç§¯æœ¨é¾™official,,367,2023-10-17 09:10:48
81,1,,358,2023-10-17 15:46:26
82,VectorPikachu,,353,2023-10-19 21:59:06
83,é›é¹°é£å¤©,,318,2023-10-18 22:08:59
84,bu_da_le,ï¼ˆæ–°ç”Ÿï¼‰,302,2023-10-15 23:02:49
85,jnjnnj,,296,2023-10-20 08:27:57
86,Eureka,ï¼ˆæ–°ç”Ÿï¼‰,292,2023-10-18 19:18:18
87,Elys1a,,290,2023-10-18 01:01:32
88,meoW meoW,,287,2023-10-14 15:53:46
89,Kazo,,277,2023-10-15 01:29:32
90,yingziyu,ï¼ˆæ–°ç”Ÿï¼‰,250,2023-10-14 18:34:04
91,Colmaâ–³â–½â—‹â–‘â€»â˜€â‘ â’ˆâ…¢â‘´âˆ´âˆÎ“Çã„œ,ï¼ˆæ–°ç”Ÿï¼‰,247,2023-10-14 00:31:45
92,FaniX,,245,2023-10-18 23:54:38
93,åŸç¥é«˜æ‰‹,,198,2023-10-14 21:04:18
94,orangejuice,,195,2023-10-13 19:11:05
95,aabb,,195,2023-10-17 22:39:48
96,zcx,,191,2023-10-14 14:53:24
97,Stone,,191,2023-10-14 15:14:43
98,Alan,,191,2023-10-15 19:50:40
99,jjz,,191,2023-10-16 13:44:36
100,\n,,186,2023-10-14 10:36:54
